date,adj_close,ticker
1997-05-01,1.5,AMZN
1997-06-01,1.541667,AMZN
1997-07-01,2.395833,AMZN
1997-08-01,2.338542,AMZN
1997-09-01,4.3385419999999995,AMZN
1997-10-01,5.0833330000000005,AMZN
1997-11-01,4.125,AMZN
1997-12-01,5.0208330000000005,AMZN
1998-01-01,4.9166669999999995,AMZN
1998-02-01,6.4166669999999995,AMZN
1998-03-01,7.127603999999999,AMZN
1998-04-01,7.6458330000000005,AMZN
1998-05-01,7.34375,AMZN
1998-06-01,16.625,AMZN
1998-07-01,18.479166,AMZN
1998-08-01,13.958332999999998,AMZN
1998-09-01,18.604166,AMZN
1998-10-01,21.072916,AMZN
1998-11-01,32.0,AMZN
1998-12-01,53.54166800000001,AMZN
1999-01-01,58.46875,AMZN
1999-02-01,64.0625,AMZN
1999-03-01,86.09375,AMZN
1999-04-01,86.03125,AMZN
1999-05-01,59.375,AMZN
1999-06-01,62.5625,AMZN
1999-07-01,50.03125,AMZN
1999-08-01,62.1875,AMZN
1999-09-01,79.9375,AMZN
1999-10-01,70.625,AMZN
1999-11-01,85.0625,AMZN
1999-12-01,76.125,AMZN
2000-01-01,64.5625,AMZN
2000-02-01,68.875,AMZN
2000-03-01,67.0,AMZN
2000-04-01,55.1875,AMZN
2000-05-01,48.3125,AMZN
2000-06-01,36.3125,AMZN
2000-07-01,30.125,AMZN
2000-08-01,41.5,AMZN
2000-09-01,38.4375,AMZN
2000-10-01,36.625,AMZN
2000-11-01,24.6875,AMZN
2000-12-01,15.5625,AMZN
2001-01-01,17.3125,AMZN
2001-02-01,10.1875,AMZN
2001-03-01,10.23,AMZN
2001-04-01,15.78,AMZN
2001-05-01,16.690001000000002,AMZN
2001-06-01,14.15,AMZN
2001-07-01,12.49,AMZN
2001-08-01,8.94,AMZN
2001-09-01,5.97,AMZN
2001-10-01,6.98,AMZN
2001-11-01,11.32,AMZN
2001-12-01,10.82,AMZN
2002-01-01,14.19,AMZN
2002-02-01,14.1,AMZN
2002-03-01,14.3,AMZN
2002-04-01,16.690001000000002,AMZN
2002-05-01,18.23,AMZN
2002-06-01,16.25,AMZN
2002-07-01,14.45,AMZN
2002-08-01,14.94,AMZN
2002-09-01,15.93,AMZN
2002-10-01,19.360001,AMZN
2002-11-01,23.35,AMZN
2002-12-01,18.889999,AMZN
2003-01-01,21.85,AMZN
2003-02-01,22.01,AMZN
2003-03-01,26.030001000000002,AMZN
2003-04-01,28.690001000000002,AMZN
2003-05-01,35.889998999999996,AMZN
2003-06-01,36.32,AMZN
2003-07-01,41.639998999999996,AMZN
2003-08-01,46.32,AMZN
2003-09-01,48.43,AMZN
2003-10-01,54.43,AMZN
2003-11-01,53.970001,AMZN
2003-12-01,52.619999,AMZN
2004-01-01,50.400002,AMZN
2004-02-01,43.009997999999996,AMZN
2004-03-01,43.279999,AMZN
2004-04-01,43.599998,AMZN
2004-05-01,48.5,AMZN
2004-06-01,54.400002,AMZN
2004-07-01,38.919998,AMZN
2004-08-01,38.139998999999996,AMZN
2004-09-01,40.860001000000004,AMZN
2004-10-01,34.130001,AMZN
2004-11-01,39.68,AMZN
2004-12-01,44.290001000000004,AMZN
2005-01-01,43.220001,AMZN
2005-02-01,35.18,AMZN
2005-03-01,34.27,AMZN
2005-04-01,32.360001000000004,AMZN
2005-05-01,35.509997999999996,AMZN
2005-06-01,33.09,AMZN
2005-07-01,45.150002,AMZN
2005-08-01,42.700001,AMZN
2005-09-01,45.299999,AMZN
2005-10-01,39.860001000000004,AMZN
2005-11-01,48.459998999999996,AMZN
2005-12-01,47.150002,AMZN
2006-01-01,44.82,AMZN
2006-02-01,37.439999,AMZN
2006-03-01,36.529999,AMZN
2006-04-01,35.209998999999996,AMZN
2006-05-01,34.610001000000004,AMZN
2006-06-01,38.68,AMZN
2006-07-01,26.889999,AMZN
2006-08-01,30.83,AMZN
2006-09-01,32.119999,AMZN
2006-10-01,38.09,AMZN
2006-11-01,40.34,AMZN
2006-12-01,39.459998999999996,AMZN
2007-01-01,37.669998,AMZN
2007-02-01,39.139998999999996,AMZN
2007-03-01,39.790001000000004,AMZN
2007-04-01,61.330002,AMZN
2007-05-01,69.139999,AMZN
2007-06-01,68.410004,AMZN
2007-07-01,78.540001,AMZN
2007-08-01,79.910004,AMZN
2007-09-01,93.150002,AMZN
2007-10-01,89.150002,AMZN
2007-11-01,90.559998,AMZN
2007-12-01,92.639999,AMZN
2008-01-01,77.699997,AMZN
2008-02-01,64.470001,AMZN
2008-03-01,71.300003,AMZN
2008-04-01,78.629997,AMZN
2008-05-01,81.620003,AMZN
2008-06-01,73.33000200000001,AMZN
2008-07-01,76.339996,AMZN
2008-08-01,80.809998,AMZN
2008-09-01,72.760002,AMZN
2008-10-01,57.240002000000004,AMZN
2008-11-01,42.700001,AMZN
2008-12-01,51.279999,AMZN
2009-01-01,58.82,AMZN
2009-02-01,64.790001,AMZN
2009-03-01,73.440002,AMZN
2009-04-01,80.519997,AMZN
2009-05-01,77.989998,AMZN
2009-06-01,83.660004,AMZN
2009-07-01,85.760002,AMZN
2009-08-01,81.190002,AMZN
2009-09-01,93.360001,AMZN
2009-10-01,118.809998,AMZN
2009-11-01,135.91000400000001,AMZN
2009-12-01,134.520004,AMZN
2010-01-01,125.410004,AMZN
2010-02-01,118.400002,AMZN
2010-03-01,135.770004,AMZN
2010-04-01,137.100006,AMZN
2010-05-01,125.459999,AMZN
2010-06-01,109.260002,AMZN
2010-07-01,117.889999,AMZN
2010-08-01,124.83000200000001,AMZN
2010-09-01,157.059998,AMZN
2010-10-01,165.229996,AMZN
2010-11-01,175.399994,AMZN
2010-12-01,180.0,AMZN
2011-01-01,169.639999,AMZN
2011-02-01,173.28999299999998,AMZN
2011-03-01,180.130005,AMZN
2011-04-01,195.809998,AMZN
2011-05-01,196.690002,AMZN
2011-06-01,204.490005,AMZN
2011-07-01,222.520004,AMZN
2011-08-01,215.229996,AMZN
2011-09-01,216.229996,AMZN
2011-10-01,213.50999500000003,AMZN
2011-11-01,192.28999299999998,AMZN
2011-12-01,173.100006,AMZN
2012-01-01,194.440002,AMZN
2012-02-01,179.690002,AMZN
2012-03-01,202.509995,AMZN
2012-04-01,231.899994,AMZN
2012-05-01,212.91000400000001,AMZN
2012-06-01,228.350006,AMZN
2012-07-01,233.30000299999998,AMZN
2012-08-01,248.270004,AMZN
2012-09-01,254.32000699999998,AMZN
2012-10-01,232.88999900000002,AMZN
2012-11-01,252.05000299999998,AMZN
2012-12-01,250.86999500000002,AMZN
2013-01-01,265.5,AMZN
2013-02-01,264.269989,AMZN
2013-03-01,266.48999,AMZN
2013-04-01,253.809998,AMZN
2013-05-01,269.200012,AMZN
2013-06-01,277.690002,AMZN
2013-07-01,301.22000099999997,AMZN
2013-08-01,280.980011,AMZN
2013-09-01,312.640015,AMZN
2013-10-01,364.02999900000003,AMZN
2013-11-01,393.619995,AMZN
2013-12-01,398.790009,AMZN
2014-01-01,358.690002,AMZN
2014-02-01,362.100006,AMZN
2014-03-01,336.369995,AMZN
2014-04-01,304.130005,AMZN
2014-05-01,312.549988,AMZN
2014-06-01,324.77999900000003,AMZN
2014-07-01,312.98999,AMZN
2014-08-01,339.040009,AMZN
2014-09-01,322.440002,AMZN
2014-10-01,305.459991,AMZN
2014-11-01,338.640015,AMZN
2014-12-01,310.350006,AMZN
2015-01-01,354.52999900000003,AMZN
2015-02-01,380.160004,AMZN
2015-03-01,372.100006,AMZN
2015-04-01,421.77999900000003,AMZN
2015-05-01,429.23001100000005,AMZN
2015-06-01,434.089996,AMZN
2015-07-01,536.150024,AMZN
2015-08-01,512.8900150000001,AMZN
2015-09-01,511.89001500000006,AMZN
2015-10-01,625.900024,AMZN
2015-11-01,664.799988,AMZN
2015-12-01,675.8900150000001,AMZN
2016-01-01,587.0,AMZN
2016-02-01,552.52002,AMZN
2016-03-01,593.6400150000001,AMZN
2016-04-01,659.590027,AMZN
2016-05-01,722.789978,AMZN
2016-06-01,715.619995,AMZN
2016-07-01,758.8099980000001,AMZN
2016-08-01,769.159973,AMZN
2016-09-01,837.3099980000001,AMZN
2016-10-01,789.820007,AMZN
2016-11-01,750.570007,AMZN
2016-12-01,768.659973,AMZN
2017-01-01,823.47998,AMZN
2017-02-01,845.0399779999999,AMZN
2017-03-01,886.5399779999999,AMZN
2017-04-01,924.98999,AMZN
2017-05-01,994.6199949999999,AMZN
2017-06-01,968.0,AMZN
2017-07-01,987.7800289999999,AMZN
2017-08-01,980.599976,AMZN
2017-09-01,961.349976,AMZN
2017-10-01,1105.280029,AMZN
2017-11-01,1176.75,AMZN
2017-12-01,1169.469971,AMZN
2018-01-01,1450.890015,AMZN
2018-02-01,1512.449951,AMZN
2018-03-01,1447.339966,AMZN
2018-04-01,1566.130005,AMZN
2018-05-01,1629.619995,AMZN
2018-06-01,1699.800049,AMZN
2018-07-01,1777.439941,AMZN
2018-08-01,2012.709961,AMZN
2018-09-01,2003.0,AMZN
2018-10-01,1598.01001,AMZN
2018-11-01,1690.1700440000002,AMZN
2018-12-01,1501.969971,AMZN
2019-01-01,1718.72998,AMZN
2019-02-01,1639.829956,AMZN
2019-03-01,1780.75,AMZN
2019-04-01,1926.52002,AMZN
2019-05-01,1775.069946,AMZN
2019-06-01,1893.630005,AMZN
2019-07-01,1866.780029,AMZN
2019-08-01,1776.290039,AMZN
2019-09-01,1735.910034,AMZN
2019-10-01,1776.660034,AMZN
2019-11-01,1800.800049,AMZN
2019-12-01,1847.839966,AMZN
2020-01-01,2008.719971,AMZN
2020-02-01,1883.75,AMZN
2020-03-01,1949.719971,AMZN
1994-04-01,3.335235,BMY
1994-05-01,3.3816660000000005,BMY
1994-06-01,3.3197589999999995,BMY
1994-07-01,3.4531339999999995,BMY
1994-08-01,3.781224,BMY
1994-09-01,3.764818,BMY
1994-10-01,3.8304370000000003,BMY
1994-11-01,4.003499,BMY
1994-12-01,4.012168,BMY
1995-01-01,4.500705,BMY
1995-02-01,4.528151,BMY
1995-03-01,4.601332,BMY
1995-04-01,4.765992,BMY
1995-05-01,5.110233,BMY
1995-06-01,5.2449699999999995,BMY
1995-07-01,5.331583,BMY
1995-08-01,5.544829,BMY
1995-09-01,5.877518,BMY
1995-10-01,6.149718,BMY
1995-11-01,6.751832,BMY
1995-12-01,7.225095,BMY
1996-01-01,7.445948,BMY
1996-02-01,7.431927000000001,BMY
1996-03-01,7.472849000000001,BMY
1996-04-01,7.180923,BMY
1996-05-01,7.732289,BMY
1996-06-01,8.151171000000001,BMY
1996-07-01,7.845501,BMY
1996-08-01,8.234998,BMY
1996-09-01,9.044429,BMY
1996-10-01,9.92423,BMY
1996-11-01,11.404630000000001,BMY
1996-12-01,10.92839,BMY
1997-01-01,13.085402,BMY
1997-02-01,13.472544000000001,BMY
1997-03-01,12.182065,BMY
1997-04-01,13.524159,BMY
1997-05-01,15.348232000000001,BMY
1997-06-01,16.943184,BMY
1997-07-01,16.381029,BMY
1997-08-01,16.055585999999998,BMY
1997-09-01,17.481576999999998,BMY
1997-10-01,18.564281,BMY
1997-11-01,19.971726999999998,BMY
1997-12-01,20.185041000000002,BMY
1998-01-01,21.454014,BMY
1998-02-01,21.561615,BMY
1998-03-01,22.449373,BMY
1998-04-01,22.785637,BMY
1998-05-01,23.318573,BMY
1998-06-01,24.931881,BMY
1998-07-01,24.887167,BMY
1998-08-01,21.378666,BMY
1998-09-01,22.689241,BMY
1998-10-01,24.369541,BMY
1998-11-01,26.860155,BMY
1998-12-01,29.460853999999998,BMY
1999-01-01,28.236189000000003,BMY
1999-02-01,27.919453000000004,BMY
1999-03-01,28.432119,BMY
1999-04-01,28.285459999999997,BMY
1999-05-01,30.593914,BMY
1999-06-01,31.344843,BMY
1999-07-01,29.689671,BMY
1999-08-01,31.419715999999998,BMY
1999-09-01,30.136136999999998,BMY
1999-10-01,34.40852,BMY
1999-11-01,32.700706,BMY
1999-12-01,28.753107,BMY
2000-01-01,29.677015,BMY
2000-02-01,25.75672,BMY
2000-03-01,25.700476000000002,BMY
2000-04-01,23.591591,BMY
2000-05-01,24.8692,BMY
2000-06-01,26.308842,BMY
2000-07-01,23.316637,BMY
2000-08-01,24.051931,BMY
2000-09-01,26.086384,BMY
2000-10-01,27.645901000000002,BMY
2000-11-01,31.589043,BMY
2000-12-01,33.696873,BMY
2001-01-01,28.206238,BMY
2001-02-01,29.016243,BMY
2001-03-01,27.181274,BMY
2001-04-01,25.625439,BMY
2001-05-01,24.949965,BMY
2001-06-01,24.057581,BMY
2001-07-01,27.203924,BMY
2001-08-01,27.279761999999998,BMY
2001-09-01,26.997916999999998,BMY
2001-10-01,25.972631,BMY
2001-11-01,26.247707000000002,BMY
2001-12-01,24.900177,BMY
2002-01-01,22.151382,BMY
2002-02-01,23.073904000000002,BMY
2002-03-01,19.877916,BMY
2002-04-01,14.138902999999999,BMY
2002-05-01,15.390557000000001,BMY
2002-06-01,12.710069,BMY
2002-07-01,11.587429,BMY
2002-08-01,12.474589,BMY
2002-09-01,11.899608,BMY
2002-10-01,12.304592999999999,BMY
2002-11-01,13.403049,BMY
2002-12-01,11.708705,BMY
2003-01-01,12.076687,BMY
2003-02-01,11.928222,BMY
2003-03-01,10.817311,BMY
2003-04-01,13.074971000000001,BMY
2003-05-01,13.275813000000001,BMY
2003-06-01,14.079623999999999,BMY
2003-07-01,13.586967000000001,BMY
2003-08-01,13.293635,BMY
2003-09-01,13.445595,BMY
2003-10-01,13.293635,BMY
2003-11-01,13.959473000000001,BMY
2003-12-01,15.151459,BMY
2004-01-01,15.010238000000001,BMY
2004-02-01,14.887157,BMY
2004-03-01,12.966063,BMY
2004-04-01,13.588783,BMY
2004-05-01,13.680819,BMY
2004-06-01,13.263948999999998,BMY
2004-07-01,12.540178,BMY
2004-08-01,12.994688,BMY
2004-09-01,12.961833,BMY
2004-10-01,12.982828999999999,BMY
2004-11-01,13.021616,BMY
2004-12-01,14.196334,BMY
2005-01-01,12.988368,BMY
2005-02-01,14.025554000000001,BMY
2005-03-01,14.26651,BMY
2005-04-01,14.733653,BMY
2005-05-01,14.370976999999998,BMY
2005-06-01,14.155634,BMY
2005-07-01,14.314178,BMY
2005-08-01,14.021934,BMY
2005-09-01,13.786992999999999,BMY
2005-10-01,12.130955,BMY
2005-11-01,12.518528,BMY
2005-12-01,13.324501000000001,BMY
2006-01-01,13.214334,BMY
2006-02-01,13.557419,BMY
2006-03-01,14.443638,BMY
2006-04-01,14.895554,BMY
2006-05-01,14.57329,BMY
2006-06-01,15.350932,BMY
2006-07-01,14.229002,BMY
2006-08-01,13.053157,BMY
2006-09-01,14.955619,BMY
2006-10-01,14.853589999999999,BMY
2006-11-01,15.071629999999999,BMY
2006-12-01,15.976051000000002,BMY
2007-01-01,17.475327,BMY
2007-02-01,16.18465,BMY
2007-03-01,17.031311,BMY
2007-04-01,17.706181,BMY
2007-05-01,18.784431,BMY
2007-06-01,19.559114,BMY
2007-07-01,17.606924,BMY
2007-08-01,18.225803,BMY
2007-09-01,18.019484,BMY
2007-10-01,18.751009,BMY
2007-11-01,18.705849,BMY
2007-12-01,16.742472,BMY
2008-01-01,14.532860999999999,BMY
2008-02-01,14.442848999999999,BMY
2008-03-01,13.606044,BMY
2008-04-01,14.034031,BMY
2008-05-01,14.764183,BMY
2008-06-01,13.300076,BMY
2008-07-01,13.6823,BMY
2008-08-01,14.033673,BMY
2008-09-01,13.711441,BMY
2008-10-01,13.514153,BMY
2008-11-01,13.818248,BMY
2008-12-01,15.520493,BMY
2009-01-01,14.487991000000001,BMY
2009-02-01,12.457913000000001,BMY
2009-03-01,14.833101000000001,BMY
2009-04-01,12.9925,BMY
2009-05-01,13.673082999999998,BMY
2009-06-01,13.940779999999998,BMY
2009-07-01,14.922336999999999,BMY
2009-08-01,15.425475,BMY
2009-09-01,15.697317000000002,BMY
2009-10-01,15.404164000000002,BMY
2009-11-01,17.884377,BMY
2009-12-01,17.84198,BMY
2010-01-01,17.428844,BMY
2010-02-01,17.536171,BMY
2010-03-01,19.103045,BMY
2010-04-01,18.325739000000002,BMY
2010-05-01,16.805225,BMY
2010-06-01,18.05784,BMY
2010-07-01,18.274597,BMY
2010-08-01,19.125256,BMY
2010-09-01,19.880587,BMY
2010-10-01,19.955217,BMY
2010-11-01,18.723778,BMY
2010-12-01,19.643648000000002,BMY
2011-01-01,18.679270000000002,BMY
2011-02-01,19.388057999999997,BMY
2011-03-01,19.853785000000002,BMY
2011-04-01,21.371021,BMY
2011-05-01,21.872984,BMY
2011-06-01,22.025084,BMY
2011-07-01,22.051367000000003,BMY
2011-08-01,22.890022000000002,BMY
2011-09-01,24.144167000000003,BMY
2011-10-01,24.305746,BMY
2011-11-01,25.431591,BMY
2011-12-01,27.390265000000003,BMY
2012-01-01,25.058516,BMY
2012-02-01,25.249317,BMY
2012-03-01,26.489409999999996,BMY
2012-04-01,26.19116,BMY
2012-05-01,26.432802000000002,BMY
2012-06-01,28.502067999999998,BMY
2012-07-01,28.224584999999998,BMY
2012-08-01,26.420353000000002,BMY
2012-09-01,27.012625,BMY
2012-10-01,26.612444,BMY
2012-11-01,26.3804,BMY
2012-12-01,26.348057,BMY
2013-01-01,29.218126,BMY
2013-02-01,30.213642,BMY
2013-03-01,33.662422,BMY
2013-04-01,32.461075,BMY
2013-05-01,37.919990999999996,BMY
2013-06-01,36.832077000000005,BMY
2013-07-01,35.637043,BMY
2013-08-01,34.630009,BMY
2013-09-01,38.442715,BMY
2013-10-01,43.625992,BMY
2013-11-01,42.997627,BMY
2013-12-01,44.478863,BMY
2014-01-01,42.101383,BMY
2014-02-01,45.302997999999995,BMY
2014-03-01,43.769591999999996,BMY
2014-04-01,42.20248,BMY
2014-05-01,42.200489000000005,BMY
2014-06-01,41.156929,BMY
2014-07-01,42.94709,BMY
2014-08-01,43.293834999999994,BMY
2014-09-01,43.746868,BMY
2014-10-01,49.738762,BMY
2014-11-01,50.831409,BMY
2014-12-01,50.81419,BMY
2015-01-01,52.204559,BMY
2015-02-01,52.76756999999999,BMY
2015-03-01,55.868488,BMY
2015-04-01,55.201533999999995,BMY
2015-05-01,56.277954,BMY
2015-06-01,57.968033,BMY
2015-07-01,57.18396800000001,BMY
2015-08-01,52.098507,BMY
2015-09-01,51.861984,BMY
2015-10-01,58.140213,BMY
2015-11-01,59.074688,BMY
2015-12-01,60.643902000000004,BMY
2016-01-01,55.099247,BMY
2016-02-01,54.895374,BMY
2016-03-01,56.623878000000005,BMY
2016-04-01,64.362091,BMY
2016-05-01,63.934078,BMY
2016-06-01,65.583702,BMY
2016-07-01,67.061127,BMY
2016-08-01,51.445496,BMY
2016-09-01,48.334922999999996,BMY
2016-10-01,45.636707,BMY
2016-11-01,50.944538,BMY
2016-12-01,51.486121999999995,BMY
2017-01-01,44.373379,BMY
2017-02-01,51.526268,BMY
2017-03-01,49.409256,BMY
2017-04-01,50.926598,BMY
2017-05-01,49.374229,BMY
2017-06-01,50.994102000000005,BMY
2017-07-01,52.074028000000006,BMY
2017-08-01,55.73669399999999,BMY
2017-09-01,58.741016,BMY
2017-10-01,56.824142,BMY
2017-11-01,58.587078000000005,BMY
2017-12-01,56.816216000000004,BMY
2018-01-01,58.040062,BMY
2018-02-01,61.780579,BMY
2018-03-01,59.027504,BMY
2018-04-01,48.649864,BMY
2018-05-01,49.421040000000005,BMY
2018-06-01,51.975677000000005,BMY
2018-07-01,55.178371,BMY
2018-08-01,57.280666000000004,BMY
2018-09-01,58.728058,BMY
2018-10-01,47.811146,BMY
2018-11-01,50.898457,BMY
2018-12-01,49.489365,BMY
2019-01-01,47.004425,BMY
2019-02-01,49.572353,BMY
2019-03-01,45.781979,BMY
2019-04-01,44.553703000000006,BMY
2019-05-01,43.920658,BMY
2019-06-01,43.901295000000005,BMY
2019-07-01,42.991322,BMY
2019-08-01,46.946746999999995,BMY
2019-09-01,49.525063,BMY
2019-10-01,56.029433999999995,BMY
2019-11-01,56.076698,BMY
2019-12-01,63.216778000000005,BMY
2020-01-01,61.995579000000006,BMY
2020-02-01,58.575194999999994,BMY
2020-03-01,55.282447999999995,BMY
1994-04-01,2.226676,CNP
1994-05-01,1.9947290000000002,CNP
1994-06-01,2.131567,CNP
1994-07-01,2.294906,CNP
1994-08-01,2.270405,CNP
1994-09-01,2.4246,CNP
1994-10-01,2.45153,CNP
1994-11-01,2.390021,CNP
1994-12-01,2.6378790000000003,CNP
1995-01-01,2.952575,CNP
1995-02-01,2.83225,CNP
1995-03-01,2.955283,CNP
1995-04-01,3.052177,CNP
1995-05-01,3.3331720000000002,CNP
1995-06-01,3.5713550000000005,CNP
1995-07-01,3.7091199999999995,CNP
1995-08-01,3.6031480000000005,CNP
1995-09-01,4.06583,CNP
1995-10-01,4.273154,CNP
1995-11-01,4.2155629999999995,CNP
1995-12-01,4.829606,CNP
1996-01-01,4.779816,CNP
1996-02-01,4.505973,CNP
1996-03-01,4.38772,CNP
1996-04-01,4.336994,CNP
1996-05-01,4.438442,CNP
1996-06-01,5.092824,CNP
1996-07-01,4.679193,CNP
1996-08-01,4.498228,CNP
1996-09-01,4.7818879999999995,CNP
1996-10-01,4.9439839999999995,CNP
1996-11-01,4.754869,CNP
1996-12-01,4.9827900000000005,CNP
1997-01-01,4.9827900000000005,CNP
1997-02-01,5.120437,CNP
1997-03-01,4.688556,CNP
1997-04-01,4.492032,CNP
1997-05-01,4.6604849999999995,CNP
1997-06-01,4.911462,CNP
1997-07-01,4.796912,CNP
1997-08-01,4.6394,CNP
1997-09-01,5.086798,CNP
1997-10-01,5.086798,CNP
1997-11-01,5.539932,CNP
1997-12-01,6.383443,CNP
1998-01-01,6.234298,CNP
1998-02-01,6.174639,CNP
1998-03-01,7.097616,CNP
1998-04-01,7.174761999999999,CNP
1998-05-01,7.066753,CNP
1998-06-01,7.724010000000001,CNP
1998-07-01,7.003311999999999,CNP
1998-08-01,7.222653,CNP
1998-09-01,7.930632000000001,CNP
1998-10-01,7.914708,CNP
1998-11-01,8.058032,CNP
1998-12-01,8.284221,CNP
1999-01-01,7.815913,CNP
1999-02-01,6.927737,CNP
1999-03-01,6.840967,CNP
1999-04-01,7.431551,CNP
1999-05-01,8.005737,CNP
1999-06-01,7.364305,CNP
1999-07-01,7.281,CNP
1999-08-01,7.380966,CNP
1999-09-01,7.334917999999999,CNP
1999-10-01,7.385737,CNP
1999-11-01,6.725092,CNP
1999-12-01,6.305809,CNP
2000-01-01,6.2885800000000005,CNP
2000-02-01,5.668334,CNP
2000-03-01,6.6263320000000006,CNP
2000-04-01,7.487582000000001,CNP
2000-05-01,8.032454,CNP
2000-06-01,8.451324000000001,CNP
2000-07-01,9.576975,CNP
2000-08-01,10.58202,CNP
2000-09-01,13.455389000000002,CNP
2000-10-01,11.954315,CNP
2000-11-01,11.357507,CNP
2000-12-01,12.666803,CNP
2001-01-01,11.025418,CNP
2001-02-01,12.285885,CNP
2001-03-01,13.379625,CNP
2001-04-01,14.651062,CNP
2001-05-01,13.625042,CNP
2001-06-01,9.616643,CNP
2001-07-01,9.404669,CNP
2001-08-01,8.974741,CNP
2001-09-01,7.972413,CNP
2001-10-01,8.466144,CNP
2001-11-01,7.739178,CNP
2001-12-01,8.166554,CNP
2002-01-01,7.7231179999999995,CNP
2002-02-01,6.405139,CNP
2002-03-01,8.097354,CNP
2002-04-01,7.968623,CNP
2002-05-01,5.340673000000001,CNP
2002-06-01,5.443804,CNP
2002-07-01,3.240514,CNP
2002-08-01,3.817107,CNP
2002-09-01,3.281073,CNP
2002-10-01,2.752882,CNP
2002-11-01,3.304646,CNP
2002-12-01,3.7630550000000005,CNP
2003-01-01,3.085705,CNP
2003-02-01,2.184576,CNP
2003-03-01,3.312099,CNP
2003-04-01,3.770343,CNP
2003-05-01,4.557819,CNP
2003-06-01,3.9372089999999997,CNP
2003-07-01,3.8985589999999997,CNP
2003-08-01,4.101459999999999,CNP
2003-09-01,4.48353,CNP
2003-10-01,4.796447,CNP
2003-11-01,4.742666000000001,CNP
2003-12-01,4.786418,CNP
2004-01-01,5.186522,CNP
2004-02-01,5.16676,CNP
2004-03-01,5.700819,CNP
2004-04-01,5.381613,CNP
2004-05-01,5.406552,CNP
2004-06-01,5.790776,CNP
2004-07-01,5.8461669999999994,CNP
2004-08-01,5.508793,CNP
2004-09-01,5.263818,CNP
2004-10-01,5.340033,CNP
2004-11-01,5.670293,CNP
2004-12-01,5.793382,CNP
2005-01-01,5.767747,CNP
2005-02-01,6.142008000000001,CNP
2005-03-01,6.219517,CNP
2005-04-01,6.171257,CNP
2005-05-01,6.390171,CNP
2005-06-01,6.885331,CNP
2005-07-01,7.20194,CNP
2005-08-01,7.448294000000001,CNP
2005-09-01,7.794241,CNP
2005-10-01,6.973296,CNP
2005-11-01,6.962758999999999,CNP
2005-12-01,6.799438,CNP
2006-01-01,6.762402000000001,CNP
2006-02-01,6.862936,CNP
2006-03-01,6.3876029999999995,CNP
2006-04-01,6.435791,CNP
2006-05-01,6.419727,CNP
2006-06-01,6.775558999999999,CNP
2006-07-01,7.447692999999999,CNP
2006-08-01,7.832546000000001,CNP
2006-09-01,7.846941,CNP
2006-10-01,8.482589,CNP
2006-11-01,8.959323,CNP
2006-12-01,9.170269000000001,CNP
2007-01-01,9.546372999999999,CNP
2007-02-01,9.861631,CNP
2007-03-01,10.016079,CNP
2007-04-01,10.512974,CNP
2007-05-01,10.568808,CNP
2007-06-01,9.798424,CNP
2007-07-01,9.280344,CNP
2007-08-01,9.133935000000001,CNP
2007-09-01,9.123152000000001,CNP
2007-10-01,9.538614,CNP
2007-11-01,10.158966,CNP
2007-12-01,9.842564,CNP
2008-01-01,9.187544,CNP
2008-02-01,8.434842999999999,CNP
2008-03-01,8.295819,CNP
2008-04-01,8.848103,CNP
2008-05-01,9.848019,CNP
2008-06-01,9.440849,CNP
2008-07-01,9.276155000000001,CNP
2008-08-01,9.340855,CNP
2008-09-01,8.668242,CNP
2008-10-01,6.853689,CNP
2008-11-01,7.6925479999999995,CNP
2008-12-01,7.623775,CNP
2009-01-01,8.082891,CNP
2009-02-01,6.234337,CNP
2009-03-01,6.390599,CNP
2009-04-01,6.519269,CNP
2009-05-01,6.200658,CNP
2009-06-01,6.911825,CNP
2009-07-01,7.516921000000001,CNP
2009-08-01,7.735253999999999,CNP
2009-09-01,7.873456,CNP
2009-10-01,7.981136,CNP
2009-11-01,8.405532000000001,CNP
2009-12-01,9.329239999999999,CNP
2010-01-01,8.969188,CNP
2010-02-01,8.602703,CNP
2010-03-01,9.364841,CNP
2010-04-01,9.364841,CNP
2010-05-01,8.882251,CNP
2010-06-01,8.701929,CNP
2010-07-01,9.409458,CNP
2010-08-01,9.779753,CNP
2010-09-01,10.534066000000001,CNP
2010-10-01,11.096953,CNP
2010-11-01,10.473758,CNP
2010-12-01,10.659355,CNP
2011-01-01,10.950925999999999,CNP
2011-02-01,10.754287,CNP
2011-03-01,12.054063000000001,CNP
2011-04-01,12.767969,CNP
2011-05-01,13.269078,CNP
2011-06-01,13.421517000000001,CNP
2011-07-01,13.58105,CNP
2011-08-01,13.879299,CNP
2011-09-01,13.750760000000001,CNP
2011-10-01,14.605801999999999,CNP
2011-11-01,13.946997,CNP
2011-12-01,14.222017999999998,CNP
2012-01-01,13.075199000000001,CNP
2012-02-01,13.797273,CNP
2012-03-01,14.111609,CNP
2012-04-01,14.46225,CNP
2012-05-01,14.476557999999999,CNP
2012-06-01,14.940907000000001,CNP
2012-07-01,15.222816,CNP
2012-08-01,14.738514000000002,CNP
2012-09-01,15.547806,CNP
2012-10-01,15.817885999999998,CNP
2012-11-01,14.401796,CNP
2012-12-01,14.195437,CNP
2013-01-01,15.072973999999999,CNP
2013-02-01,15.803025,CNP
2013-03-01,17.844611999999998,CNP
2013-04-01,18.380846,CNP
2013-05-01,17.263695000000002,CNP
2013-06-01,17.646635,CNP
2013-07-01,18.645788,CNP
2013-08-01,17.225941,CNP
2013-09-01,18.16408,CNP
2013-10-01,18.641482999999997,CNP
2013-11-01,17.754877,CNP
2013-12-01,17.713037,CNP
2014-01-01,17.881151000000003,CNP
2014-02-01,18.072191,CNP
2014-03-01,18.287106,CNP
2014-04-01,19.113070999999998,CNP
2014-05-01,18.619034,CNP
2014-06-01,19.915004999999997,CNP
2014-07-01,18.963696,CNP
2014-08-01,19.369170999999998,CNP
2014-09-01,19.268288000000002,CNP
2014-10-01,19.331282,CNP
2014-11-01,18.850954,CNP
2014-12-01,18.624201,CNP
2015-01-01,18.353941,CNP
2015-02-01,16.525702,CNP
2015-03-01,16.402716,CNP
2015-04-01,16.85276,CNP
2015-05-01,16.370569,CNP
2015-06-01,15.484910999999999,CNP
2015-07-01,15.737159,CNP
2015-08-01,15.151288000000001,CNP
2015-09-01,14.869428,CNP
2015-10-01,15.289792000000002,CNP
2015-11-01,13.970998999999999,CNP
2015-12-01,15.350282,CNP
2016-01-01,14.940609,CNP
2016-02-01,15.576025,CNP
2016-03-01,17.737379,CNP
2016-04-01,18.186749,CNP
2016-05-01,19.102451000000002,CNP
2016-06-01,20.589695000000003,CNP
2016-07-01,20.521061,CNP
2016-08-01,19.277098000000002,CNP
2016-09-01,20.157768,CNP
2016-10-01,19.784641,CNP
2016-11-01,20.704451000000002,CNP
2016-12-01,21.624235000000002,CNP
2017-01-01,23.002077,CNP
2017-02-01,23.976221,CNP
2017-03-01,24.440762,CNP
2017-04-01,25.291803,CNP
2017-05-01,25.362722,CNP
2017-06-01,24.511452,CNP
2017-07-01,25.236593,CNP
2017-08-01,26.516775,CNP
2017-09-01,26.394714,CNP
2017-10-01,26.729055,CNP
2017-11-01,27.117615,CNP
2017-12-01,25.857592,CNP
2018-01-01,25.693476,CNP
2018-02-01,24.663180999999998,CNP
2018-03-01,25.243979,CNP
2018-04-01,23.336861,CNP
2018-05-01,24.073912,CNP
2018-06-01,25.804365,CNP
2018-07-01,26.521409999999996,CNP
2018-08-01,25.878864,CNP
2018-09-01,26.005029999999998,CNP
2018-10-01,25.403103,CNP
2018-11-01,26.343609000000004,CNP
2018-12-01,26.814197999999998,CNP
2019-01-01,29.369287,CNP
2019-02-01,28.628407,CNP
2019-03-01,29.431438,CNP
2019-04-01,29.719041999999998,CNP
2019-05-01,27.264826,CNP
2019-06-01,27.714531,CNP
2019-07-01,28.082382,CNP
2019-08-01,26.80459,CNP
2019-09-01,29.518057000000002,CNP
2019-10-01,28.432404,CNP
2019-11-01,24.021320000000003,CNP
2019-12-01,26.977966,CNP
2020-01-01,26.196426000000002,CNP
2020-02-01,22.773479000000002,CNP
2020-03-01,15.45,CNP
1994-04-01,6.127193,CVX
1994-05-01,5.9895059999999996,CVX
1994-06-01,6.021536,CVX
1994-07-01,6.38103,CVX
1994-08-01,6.093433999999999,CVX
1994-09-01,6.116042,CVX
1994-10-01,6.611936,CVX
1994-11-01,6.409908000000001,CVX
1994-12-01,6.696057000000001,CVX
1995-01-01,6.696057000000001,CVX
1995-02-01,7.146211999999999,CVX
1995-03-01,7.347896,CVX
1995-04-01,7.252222,CVX
1995-05-01,7.520116000000001,CVX
1995-06-01,7.235056,CVX
1995-07-01,7.703094,CVX
1995-08-01,7.54708,CVX
1995-09-01,7.764452,CVX
1995-10-01,7.445908,CVX
1995-11-01,7.863997,CVX
1995-12-01,8.517885,CVX
1996-01-01,8.436571,CVX
1996-02-01,9.046441,CVX
1996-03-01,9.293339999999999,CVX
1996-04-01,9.603809,CVX
1996-05-01,9.893578999999999,CVX
1996-06-01,9.937108,CVX
1996-07-01,9.747628,CVX
1996-08-01,9.916053,CVX
1996-09-01,10.746474000000001,CVX
1996-10-01,11.28272,CVX
1996-11-01,11.497222,CVX
1996-12-01,11.339222,CVX
1997-01-01,11.579087,CVX
1997-02-01,11.251996,CVX
1997-03-01,12.340975,CVX
1997-04-01,12.141577,CVX
1997-05-01,12.407444,CVX
1997-06-01,13.323426000000001,CVX
1997-07-01,14.235686,CVX
1997-08-01,13.95413,CVX
1997-09-01,15.19612,CVX
1997-10-01,15.173248999999998,CVX
1997-11-01,14.670136,CVX
1997-12-01,14.284993,CVX
1998-01-01,13.867576999999999,CVX
1998-02-01,15.003881,CVX
1998-03-01,15.138022,CVX
1998-04-01,15.585685,CVX
1998-05-01,15.055562,CVX
1998-06-01,16.015825,CVX
1998-07-01,15.800687,CVX
1998-08-01,14.163254,CVX
1998-09-01,16.321232000000002,CVX
1998-10-01,15.823701999999999,CVX
1998-11-01,16.236282,CVX
1998-12-01,16.349823,CVX
1999-01-01,14.686497,CVX
1999-02-01,15.154697,CVX
1999-03-01,17.768332,CVX
1999-04-01,19.970620999999998,CVX
1999-05-01,18.519114000000002,CVX
1999-06-01,19.277445,CVX
1999-07-01,18.504324,CVX
1999-08-01,18.719778,CVX
1999-09-01,18.230541,CVX
1999-10-01,18.756916,CVX
1999-11-01,18.192038,CVX
1999-12-01,18.044424,CVX
2000-01-01,17.419516,CVX
2000-02-01,15.557788,CVX
2000-03-01,19.583704,CVX
2000-04-01,18.034475,CVX
2000-05-01,19.583704,CVX
2000-06-01,18.223167,CVX
2000-07-01,16.970924,CVX
2000-08-01,18.159384,CVX
2000-09-01,18.606870999999998,CVX
2000-10-01,17.924801000000002,CVX
2000-11-01,17.870234,CVX
2000-12-01,18.718357,CVX
2001-01-01,18.46176,CVX
2001-02-01,18.989363,CVX
2001-03-01,19.762504999999997,CVX
2001-04-01,21.734251,CVX
2001-05-01,21.619459,CVX
2001-06-01,20.651653,CVX
2001-07-01,20.854744,CVX
2001-08-01,20.7087,CVX
2001-09-01,19.615993,CVX
2001-10-01,20.495525,CVX
2001-11-01,19.676167,CVX
2001-12-01,21.067978,CVX
2002-01-01,19.702009,CVX
2002-02-01,19.852484,CVX
2002-03-01,21.590017,CVX
2002-04-01,20.738564999999998,CVX
2002-05-01,20.867720000000002,CVX
2002-06-01,21.501522,CVX
2002-07-01,18.221626,CVX
2002-08-01,18.617641,CVX
2002-09-01,17.134563,CVX
2002-10-01,16.733727,CVX
2002-11-01,16.585266,CVX
2002-12-01,16.802935,CVX
2003-01-01,16.277205,CVX
2003-02-01,16.219074,CVX
2003-03-01,16.702765,CVX
2003-04-01,16.227386,CVX
2003-05-01,18.327831,CVX
2003-06-01,19.046543,CVX
2003-07-01,19.022791,CVX
2003-08-01,19.223285999999998,CVX
2003-09-01,19.226791,CVX
2003-10-01,19.993713,CVX
2003-11-01,20.208996,CVX
2003-12-01,23.703936,CVX
2004-01-01,23.692954999999998,CVX
2004-02-01,24.24172,CVX
2004-03-01,24.494410000000002,CVX
2004-04-01,25.532446,CVX
2004-05-01,25.2255,CVX
2004-06-01,26.681015000000002,CVX
2004-07-01,27.117619,CVX
2004-08-01,27.642118,CVX
2004-09-01,30.926758000000003,CVX
2004-10-01,30.592346000000003,CVX
2004-11-01,31.480247,CVX
2004-12-01,30.505594,CVX
2005-01-01,31.603590000000004,CVX
2005-02-01,36.065277,CVX
2005-03-01,34.109688,CVX
2005-04-01,30.418518,CVX
2005-05-01,31.459766,CVX
2005-06-01,33.00565,CVX
2005-07-01,34.239231,CVX
2005-08-01,36.240124,CVX
2005-09-01,38.489810999999996,CVX
2005-10-01,33.935016999999995,CVX
2005-11-01,34.077717,CVX
2005-12-01,34.02673,CVX
2006-01-01,35.59111,CVX
2006-02-01,33.852894,CVX
2006-03-01,35.024338,CVX
2006-04-01,36.867107,CVX
2006-05-01,36.12397,CVX
2006-06-01,37.817710999999996,CVX
2006-07-01,40.084571999999994,CVX
2006-08-01,39.24366,CVX
2006-09-01,39.833755,CVX
2006-10-01,41.270882,CVX
2006-11-01,44.41531,CVX
2006-12-01,45.494576,CVX
2007-01-01,45.092407,CVX
2007-02-01,42.394783000000004,CVX
2007-03-01,46.089703,CVX
2007-04-01,48.476456,CVX
2007-05-01,50.782188,CVX
2007-06-01,52.875793,CVX
2007-07-01,53.516026000000004,CVX
2007-08-01,55.08521700000001,CVX
2007-09-01,59.154442,CVX
2007-10-01,57.845963,CVX
2007-11-01,55.481773,CVX
2007-12-01,59.393131000000004,CVX
2008-01-01,52.978474,CVX
2008-02-01,55.148502,CVX
2008-03-01,54.712382999999996,CVX
2008-04-01,61.628384,CVX
2008-05-01,63.55125,CVX
2008-06-01,63.963898,CVX
2008-07-01,54.562560999999995,CVX
2008-08-01,55.698212,CVX
2008-09-01,53.623001,CVX
2008-10-01,48.499962,CVX
2008-11-01,51.367053999999996,CVX
2008-12-01,48.506824,CVX
2009-01-01,46.244431,CVX
2009-02-01,39.811405,CVX
2009-03-01,44.499458000000004,CVX
2009-04-01,43.744991,CVX
2009-05-01,44.122211,CVX
2009-06-01,44.268345000000004,CVX
2009-07-01,46.419959999999996,CVX
2009-08-01,46.734004999999996,CVX
2009-09-01,47.532398,CVX
2009-10-01,51.655968,CVX
2009-11-01,52.668312,CVX
2009-12-01,52.416977,CVX
2010-01-01,49.101345,CVX
2010-02-01,49.223892,CVX
2010-03-01,52.121338,CVX
2010-04-01,55.977348,CVX
2010-05-01,50.774128000000005,CVX
2010-06-01,47.078716,CVX
2010-07-01,52.871632,CVX
2010-08-01,51.393917,CVX
2010-09-01,56.755295,CVX
2010-10-01,57.840687,CVX
2010-11-01,56.699268000000004,CVX
2010-12-01,64.444649,CVX
2011-01-01,67.043617,CVX
2011-02-01,73.27265200000001,CVX
2011-03-01,76.484962,CVX
2011-04-01,77.872513,CVX
2011-05-01,74.64917,CVX
2011-06-01,73.742081,CVX
2011-07-01,74.588226,CVX
2011-08-01,70.873856,CVX
2011-09-01,66.924171,CVX
2011-10-01,75.93026,CVX
2011-11-01,74.318413,CVX
2011-12-01,77.514046,CVX
2012-01-01,75.124489,CVX
2012-02-01,79.495605,CVX
2012-03-01,78.702766,CVX
2012-04-01,78.225601,CVX
2012-05-01,72.16925,CVX
2012-06-01,78.144485,CVX
2012-07-01,81.166565,CVX
2012-08-01,83.07758299999999,CVX
2012-09-01,87.027855,CVX
2012-10-01,82.309135,CVX
2012-11-01,78.91194200000001,CVX
2012-12-01,81.43737800000001,CVX
2013-01-01,86.716454,CVX
2013-02-01,88.222565,CVX
2013-03-01,90.176865,CVX
2013-04-01,92.59783900000001,CVX
2013-05-01,93.159485,CVX
2013-06-01,90.536858,CVX
2013-07-01,96.31302600000001,CVX
2013-08-01,92.135834,CVX
2013-09-01,93.722336,CVX
2013-10-01,92.53443100000001,CVX
2013-11-01,94.44743299999999,CVX
2013-12-01,97.161812,CVX
2014-01-01,86.83189399999999,CVX
2014-02-01,89.709976,CVX
2014-03-01,93.316261,CVX
2014-04-01,98.503563,CVX
2014-05-01,96.361153,CVX
2014-06-01,103.325462,CVX
2014-07-01,102.288635,CVX
2014-08-01,102.45485699999999,CVX
2014-09-01,95.24000500000001,CVX
2014-10-01,95.742867,CVX
2014-11-01,86.898926,CVX
2014-12-01,90.3713,CVX
2015-01-01,82.597336,CVX
2015-02-01,85.940552,CVX
2015-03-01,85.401924,CVX
2015-04-01,90.34803000000001,CVX
2015-05-01,83.79117600000001,CVX
2015-06-01,79.260979,CVX
2015-07-01,72.696312,CVX
2015-08-01,66.542419,CVX
2015-09-01,65.62541999999999,CVX
2015-10-01,75.609001,CVX
2015-11-01,75.97506,CVX
2015-12-01,75.75766,CVX
2016-01-01,72.81864200000001,CVX
2016-02-01,70.266998,CVX
2016-03-01,81.357826,CVX
2016-04-01,87.13987,CVX
2016-05-01,86.13356,CVX
2016-06-01,90.344849,CVX
2016-07-01,88.319572,CVX
2016-08-01,86.682121,CVX
2016-09-01,89.63336899999999,CVX
2016-10-01,91.22711899999999,CVX
2016-11-01,97.15795899999999,CVX
2016-12-01,103.531509,CVX
2017-01-01,97.945915,CVX
2017-02-01,98.957466,CVX
2017-03-01,95.34903,CVX
2017-04-01,94.754036,CVX
2017-05-01,91.894562,CVX
2017-06-01,93.59185,CVX
2017-07-01,97.951645,CVX
2017-08-01,96.543221,CVX
2017-09-01,106.465401,CVX
2017-10-01,105.006584,CVX
2017-11-01,107.815468,CVX
2017-12-01,114.495079,CVX
2018-01-01,114.641426,CVX
2018-02-01,102.358711,CVX
2018-03-01,105.33586899999999,CVX
2018-04-01,115.560951,CVX
2018-05-01,114.81278200000001,CVX
2018-06-01,117.79853100000001,CVX
2018-07-01,117.649445,CVX
2018-08-01,110.372643,CVX
2018-09-01,115.02416200000002,CVX
2018-10-01,105.024925,CVX
2018-11-01,111.882347,CVX
2018-12-01,103.334755,CVX
2019-01-01,108.900902,CVX
2019-02-01,113.583702,CVX
2019-03-01,118.17933700000002,CVX
2019-04-01,115.18598899999999,CVX
2019-05-01,109.228096,CVX
2019-06-01,120.56282,CVX
2019-07-01,119.274254,CVX
2019-08-01,114.05218500000001,CVX
2019-09-01,116.085976,CVX
2019-10-01,113.678123,CVX
2019-11-01,114.64713300000001,CVX
2019-12-01,119.11776,CVX
2020-01-01,105.902222,CVX
2020-02-01,92.26164200000001,CVX
2020-03-01,72.459999,CVX
1994-04-01,10.150736,FL
1994-05-01,9.791224,FL
1994-06-01,9.868932000000001,FL
1994-07-01,9.402683,FL
1994-08-01,10.196911,FL
1994-09-01,10.90285,FL
1994-10-01,9.726285,FL
1994-11-01,8.947347,FL
1994-12-01,9.501611,FL
1995-01-01,9.976691,FL
1995-02-01,9.752119,FL
1995-03-01,11.830436,FL
1995-04-01,10.231731,FL
1995-05-01,9.832053,FL
1995-06-01,9.672183,FL
1995-07-01,9.991921000000001,FL
1995-08-01,8.553087,FL
1995-09-01,10.071859,FL
1995-10-01,9.352442,FL
1995-11-01,9.592245,FL
1995-12-01,8.313279,FL
1996-01-01,7.1941880000000005,FL
1996-02-01,7.6738,FL
1996-03-01,9.991921000000001,FL
1996-04-01,12.230115,FL
1996-05-01,13.109406,FL
1996-06-01,14.388375,FL
1996-07-01,12.310052,FL
1996-08-01,13.589013000000001,FL
1996-09-01,13.189339000000002,FL
1996-10-01,13.429144,FL
1996-11-01,15.347598999999999,FL
1996-12-01,14.068634,FL
1997-01-01,13.029468,FL
1997-02-01,13.349213,FL
1997-03-01,14.947919,FL
1997-04-01,13.748885000000001,FL
1997-05-01,15.427531,FL
1997-06-01,15.347598999999999,FL
1997-07-01,18.105368,FL
1997-08-01,14.308434,FL
1997-09-01,14.148564000000002,FL
1997-10-01,12.150183,FL
1997-11-01,13.828819000000001,FL
1997-12-01,13.029468,FL
1998-01-01,13.908760000000001,FL
1998-02-01,15.187728,FL
1998-03-01,15.987078,FL
1998-04-01,14.708103,FL
1998-05-01,12.629788000000001,FL
1998-06-01,12.230115,FL
1998-07-01,9.192568,FL
1998-08-01,5.795316000000001,FL
1998-09-01,5.555508000000001,FL
1998-10-01,5.395638,FL
1998-11-01,5.0359300000000005,FL
1998-12-01,4.15664,FL
1999-01-01,3.2773519999999996,FL
1999-02-01,3.1574470000000003,FL
1999-03-01,4.516348000000001,FL
1999-04-01,6.194991,FL
1999-05-01,6.994348,FL
1999-06-01,6.674606,FL
1999-07-01,6.714572,FL
1999-08-01,4.616269,FL
1999-09-01,5.475574,FL
1999-10-01,4.476382,FL
1999-11-01,4.396445,FL
1999-12-01,4.476382,FL
2000-01-01,3.8369,FL
2000-02-01,3.637058,FL
2000-03-01,5.715382,FL
2000-04-01,7.593864,FL
2000-05-01,6.91441,FL
2000-06-01,6.554703,FL
2000-07-01,9.032697,FL
2000-08-01,8.952764,FL
2000-09-01,7.913602,FL
2000-10-01,9.032697,FL
2000-11-01,8.593053999999999,FL
2000-12-01,9.911986,FL
2001-01-01,8.281308000000001,FL
2001-02-01,7.040710000000001,FL
2001-03-01,8.824864999999999,FL
2001-04-01,8.466759,FL
2001-05-01,8.505125999999999,FL
2001-06-01,9.784091,FL
2001-07-01,10.551472,FL
2001-08-01,11.47872,FL
2001-09-01,9.752119,FL
2001-10-01,9.272508,FL
2001-11-01,10.321259,FL
2001-12-01,10.007909,FL
2002-01-01,9.911986,FL
2002-02-01,10.551472,FL
2002-03-01,10.346836,FL
2002-04-01,10.071859,FL
2002-05-01,9.784091,FL
2002-06-01,9.24053,FL
2002-07-01,7.098265,FL
2002-08-01,6.0750910000000005,FL
2002-09-01,6.388437000000001,FL
2002-10-01,6.266935,FL
2002-11-01,8.569071000000001,FL
2002-12-01,6.714572,FL
2003-01-01,6.458779,FL
2003-02-01,6.540649,FL
2003-03-01,6.861267999999999,FL
2003-04-01,7.05364,FL
2003-05-01,8.648482000000001,FL
2003-06-01,8.519879,FL
2003-07-01,9.619423,FL
2003-08-01,10.677679,FL
2003-09-01,10.439255000000001,FL
2003-10-01,11.534733000000001,FL
2003-11-01,14.265645000000001,FL
2003-12-01,15.137082000000001,FL
2004-01-01,15.969786,FL
2004-02-01,16.952087,FL
2004-03-01,16.693281,FL
2004-04-01,15.528628,FL
2004-05-01,15.304604999999999,FL
2004-06-01,15.784495000000001,FL
2004-07-01,14.59126,FL
2004-08-01,14.545542000000001,FL
2004-09-01,15.410353,FL
2004-10-01,15.865510999999998,FL
2004-11-01,16.935703,FL
2004-12-01,17.554979,FL
2005-01-01,17.597479,FL
2005-02-01,17.897470000000002,FL
2005-03-01,19.20863,FL
2005-04-01,17.477894,FL
2005-05-01,17.359389999999998,FL
2005-06-01,17.891806,FL
2005-07-01,16.432596,FL
2005-08-01,14.395793,FL
2005-09-01,14.461718,FL
2005-10-01,12.813841,FL
2005-11-01,14.433722,FL
2005-12-01,15.604567999999999,FL
2006-01-01,15.029067999999999,FL
2006-02-01,15.346153,FL
2006-03-01,15.857466,FL
2006-04-01,15.392629999999999,FL
2006-05-01,16.111535999999997,FL
2006-06-01,16.324846,FL
2006-07-01,18.111309,FL
2006-08-01,16.118666,FL
2006-09-01,16.887808,FL
2006-10-01,15.510029999999999,FL
2006-11-01,15.371410000000001,FL
2006-12-01,14.7203,FL
2007-01-01,15.062641000000001,FL
2007-02-01,15.338614000000002,FL
2007-03-01,15.898967,FL
2007-04-01,16.060993,FL
2007-05-01,14.890135999999998,FL
2007-06-01,14.795123,FL
2007-07-01,12.596214,FL
2007-08-01,11.407959,FL
2007-09-01,10.465831,FL
2007-10-01,10.165442,FL
2007-11-01,8.984135,FL
2007-12-01,9.404083,FL
2008-01-01,9.424736,FL
2008-02-01,8.576758,FL
2008-03-01,8.207191,FL
2008-04-01,8.820813000000001,FL
2008-05-01,10.326058999999999,FL
2008-06-01,8.799414,FL
2008-07-01,10.644109,FL
2008-08-01,11.659188,FL
2008-09-01,11.566141,FL
2008-10-01,10.463923,FL
2008-11-01,4.8706,FL
2008-12-01,5.312067,FL
2009-01-01,5.326541000000001,FL
2009-02-01,6.129282,FL
2009-03-01,7.729829,FL
2009-04-01,8.769814,FL
2009-05-01,8.313261,FL
2009-06-01,7.834376,FL
2009-07-01,8.290818,FL
2009-08-01,8.090712,FL
2009-09-01,9.069794,FL
2009-10-01,7.954094,FL
2009-11-01,7.296410000000001,FL
2009-12-01,8.565017,FL
2010-01-01,8.680346,FL
2010-02-01,10.094225,FL
2010-03-01,11.70525,FL
2010-04-01,11.946515,FL
2010-05-01,11.717989999999999,FL
2010-06-01,9.918244,FL
2010-07-01,10.680582000000001,FL
2010-08-01,9.329847000000001,FL
2010-09-01,11.547075,FL
2010-10-01,12.659663,FL
2010-11-01,15.141415,FL
2010-12-01,15.743217000000001,FL
2011-01-01,14.330976000000001,FL
2011-02-01,16.071299,FL
2011-03-01,15.949973000000002,FL
2011-04-01,17.405857,FL
2011-05-01,20.335062,FL
2011-06-01,19.37294,FL
2011-07-01,17.717756,FL
2011-08-01,17.138231,FL
2011-09-01,16.497704000000002,FL
2011-10-01,17.951206,FL
2011-11-01,19.522251,FL
2011-12-01,19.729136999999998,FL
2012-01-01,21.715294,FL
2012-02-01,24.300501,FL
2012-03-01,25.866660999999997,FL
2012-04-01,25.483459,FL
2012-05-01,26.600344,FL
2012-06-01,25.628181,FL
2012-07-01,27.673077000000003,FL
2012-08-01,29.138006,FL
2012-09-01,29.921877000000002,FL
2012-10-01,28.236128000000004,FL
2012-11-01,30.363539000000003,FL
2012-12-01,27.211964000000002,FL
2013-01-01,29.101213,FL
2013-02-01,29.119602,FL
2013-03-01,29.162193,FL
2013-04-01,29.698757,FL
2013-05-01,29.406885,FL
2013-06-01,30.100931,FL
2013-07-01,30.957773,FL
2013-08-01,27.742765000000002,FL
2013-09-01,29.241910999999998,FL
2013-10-01,29.896715000000004,FL
2013-11-01,33.71209,FL
2013-12-01,35.922577000000004,FL
2014-01-01,33.460696999999996,FL
2014-02-01,36.334488,FL
2014-03-01,40.925289,FL
2014-04-01,40.533287,FL
2014-05-01,42.179169,FL
2014-06-01,44.402809000000005,FL
2014-07-01,41.610110999999996,FL
2014-08-01,49.340579999999996,FL
2014-09-01,48.936089,FL
2014-10-01,49.252655,FL
2014-11-01,50.584736,FL
2014-12-01,49.604652,FL
2015-01-01,46.991089,FL
2015-02-01,49.792728000000004,FL
2015-03-01,55.847286,FL
2015-04-01,52.700340000000004,FL
2015-05-01,56.255753000000006,FL
2015-06-01,59.647114,FL
2015-07-01,62.798149,FL
2015-08-01,63.237010999999995,FL
2015-09-01,64.291115,FL
2015-10-01,60.521366,FL
2015-11-01,58.272926,FL
2015-12-01,58.353595999999996,FL
2016-01-01,60.56798199999999,FL
2016-02-01,56.253597,FL
2016-03-01,58.053706999999996,FL
2016-04-01,55.299526,FL
2016-05-01,50.56303,FL
2016-06-01,49.604588,FL
2016-07-01,53.908584999999995,FL
2016-08-01,59.63284300000001,FL
2016-09-01,61.522476,FL
2016-10-01,60.659424,FL
2016-11-01,65.373322,FL
2016-12-01,64.66185,FL
2017-01-01,62.518322,FL
2017-02-01,69.29048900000001,FL
2017-03-01,68.503006,FL
2017-04-01,70.81971,FL
2017-05-01,54.634747,FL
2017-06-01,45.318974,FL
2017-07-01,43.396961,FL
2017-08-01,32.607475,FL
2017-09-01,32.598228000000006,FL
2017-10-01,27.840846999999997,FL
2017-11-01,40.027817,FL
2017-12-01,43.802616,FL
2018-01-01,45.923598999999996,FL
2018-02-01,43.174713,FL
2018-03-01,42.826756,FL
2018-04-01,40.513321000000005,FL
2018-05-01,51.170673,FL
2018-06-01,49.919144,FL
2018-07-01,46.278316,FL
2018-08-01,47.050213,FL
2018-09-01,48.653542,FL
2018-10-01,44.988785,FL
2018-11-01,54.205299,FL
2018-12-01,51.129826,FL
2019-01-01,53.71514499999999,FL
2019-02-01,57.555901,FL
2019-03-01,58.600258,FL
2019-04-01,55.322124,FL
2019-05-01,38.280315,FL
2019-06-01,40.780453,FL
2019-07-01,39.943836,FL
2019-08-01,35.528816,FL
2019-09-01,42.371479,FL
2019-10-01,42.715088,FL
2019-11-01,39.660667,FL
2019-12-01,38.610973,FL
2020-01-01,37.600887,FL
2020-02-01,36.25,FL
2020-03-01,22.049999,FL
1994-04-01,6.761705999999999,FRT
1994-05-01,6.898998,FRT
1994-06-01,7.036296000000001,FRT
1994-07-01,6.935911999999999,FRT
1994-08-01,6.517665,FRT
1994-09-01,5.9600040000000005,FRT
1994-10-01,6.065907,FRT
1994-11-01,5.959487,FRT
1994-12-01,5.8530690000000005,FRT
1995-01-01,6.032951000000001,FRT
1995-02-01,6.1052040000000005,FRT
1995-03-01,6.141328,FRT
1995-04-01,5.963172,FRT
1995-05-01,6.257647,FRT
1995-06-01,6.368076,FRT
1995-07-01,6.521987,FRT
1995-08-01,6.559467,FRT
1995-09-01,7.009258999999999,FRT
1995-10-01,6.182403,FRT
1995-11-01,6.716683,FRT
1995-12-01,6.945661,FRT
1996-01-01,6.6417470000000005,FRT
1996-02-01,6.99131,FRT
1996-03-01,6.91363,FRT
1996-04-01,6.880924,FRT
1996-05-01,6.841383,FRT
1996-06-01,7.118199000000001,FRT
1996-07-01,7.20857,FRT
1996-08-01,7.57101,FRT
1996-09-01,7.57101,FRT
1996-10-01,7.74335,FRT
1996-11-01,8.521782,FRT
1996-12-01,8.890513,FRT
1997-01-01,9.404186,FRT
1997-02-01,8.946465,FRT
1997-03-01,8.571961,FRT
1997-04-01,8.703692,FRT
1997-05-01,8.830442999999999,FRT
1997-06-01,9.126204,FRT
1997-07-01,9.094225,FRT
1997-08-01,8.643802,FRT
1997-09-01,8.643802,FRT
1997-10-01,8.834586999999999,FRT
1997-11-01,8.790958,FRT
1997-12-01,8.987285,FRT
1998-01-01,8.788675999999999,FRT
1998-02-01,8.788675999999999,FRT
1998-03-01,8.722091,FRT
1998-04-01,8.785960000000001,FRT
1998-05-01,8.944071000000001,FRT
1998-06-01,8.695621000000001,FRT
1998-07-01,8.599264,FRT
1998-08-01,7.403644,FRT
1998-09-01,8.323353,FRT
1998-10-01,8.48174,FRT
1998-11-01,8.973772,FRT
1998-12-01,8.856621,FRT
1999-01-01,8.784205,FRT
1999-02-01,8.426156,FRT
1999-03-01,8.09197,FRT
1999-04-01,9.312346,FRT
1999-05-01,9.019814,FRT
1999-06-01,8.946682000000001,FRT
1999-07-01,8.99048,FRT
1999-08-01,8.692453,FRT
1999-09-01,8.319916000000001,FRT
1999-10-01,7.227156,FRT
1999-11-01,7.314698,FRT
1999-12-01,7.644875,FRT
2000-01-01,8.299253,FRT
2000-02-01,8.013071,FRT
2000-03-01,8.039088000000001,FRT
2000-04-01,9.05251,FRT
2000-05-01,9.345384,FRT
2000-06-01,8.52667,FRT
2000-07-01,9.302760000000001,FRT
2000-08-01,8.704336999999999,FRT
2000-09-01,8.323521000000001,FRT
2000-10-01,8.58019,FRT
2000-11-01,8.58019,FRT
2000-12-01,8.468757,FRT
2001-01-01,9.003261,FRT
2001-02-01,9.039785,FRT
2001-03-01,8.930214999999999,FRT
2001-04-01,9.11851,FRT
2001-05-01,9.749789999999999,FRT
2001-06-01,9.698347,FRT
2001-07-01,10.281135,FRT
2001-08-01,10.878874,FRT
2001-09-01,10.520228999999999,FRT
2001-10-01,10.434152000000001,FRT
2001-11-01,10.931728999999999,FRT
2001-12-01,11.239593,FRT
2002-01-01,12.126609,FRT
2002-02-01,12.550616999999999,FRT
2002-03-01,12.805021,FRT
2002-04-01,13.699086,FRT
2002-05-01,13.927829000000001,FRT
2002-06-01,14.085409,FRT
2002-07-01,14.127975,FRT
2002-08-01,13.972724,FRT
2002-09-01,13.972724,FRT
2002-10-01,13.882528,FRT
2002-11-01,14.377764,FRT
2002-12-01,14.815052,FRT
2003-01-01,15.026845999999999,FRT
2003-02-01,15.707446,FRT
2003-03-01,16.275507,FRT
2003-04-01,16.783815,FRT
2003-05-01,17.970985,FRT
2003-06-01,17.426416,FRT
2003-07-01,19.277466,FRT
2003-08-01,19.338289000000003,FRT
2003-09-01,20.377613,FRT
2003-10-01,21.264828,FRT
2003-11-01,22.026885999999998,FRT
2003-12-01,21.511375,FRT
2004-01-01,23.427343,FRT
2004-02-01,24.028772,FRT
2004-03-01,26.213202,FRT
2004-04-01,21.269484,FRT
2004-05-01,22.88707,FRT
2004-06-01,23.856457000000002,FRT
2004-07-01,24.488035,FRT
2004-08-01,26.333334000000004,FRT
2004-09-01,25.532555,FRT
2004-10-01,27.848234,FRT
2004-11-01,29.432856,FRT
2004-12-01,30.313202,FRT
2005-01-01,27.958971000000002,FRT
2005-02-01,29.742689000000002,FRT
2005-03-01,28.652317,FRT
2005-04-01,32.029339,FRT
2005-05-01,33.047084999999996,FRT
2005-06-01,35.322071,FRT
2005-07-01,39.459824,FRT
2005-08-01,37.411613,FRT
2005-09-01,36.813461,FRT
2005-10-01,36.986422999999995,FRT
2005-11-01,38.407318,FRT
2005-12-01,37.100037,FRT
2006-01-01,41.24527,FRT
2006-02-01,43.016811,FRT
2006-03-01,46.417912,FRT
2006-04-01,42.442726,FRT
2006-05-01,42.536026,FRT
2006-06-01,43.543762,FRT
2006-07-01,45.502522,FRT
2006-08-01,46.455853000000005,FRT
2006-09-01,46.600109,FRT
2006-10-01,50.657532,FRT
2006-11-01,53.836689,FRT
2006-12-01,53.722878,FRT
2007-01-01,59.452335,FRT
2007-02-01,57.587688,FRT
2007-03-01,57.670418000000005,FRT
2007-04-01,57.75186899999999,FRT
2007-05-01,56.759129,FRT
2007-06-01,49.483295,FRT
2007-07-01,48.474133,FRT
2007-08-01,54.235039,FRT
2007-09-01,57.15744399999999,FRT
2007-10-01,57.313807999999995,FRT
2007-11-01,54.04600500000001,FRT
2007-12-01,53.370323,FRT
2008-01-01,48.332687,FRT
2008-02-01,46.912495,FRT
2008-03-01,51.016026000000004,FRT
2008-04-01,54.220744999999994,FRT
2008-05-01,53.21090699999999,FRT
2008-06-01,45.541466,FRT
2008-07-01,48.3214,FRT
2008-08-01,50.497559,FRT
2008-09-01,56.966129,FRT
2008-10-01,41.089859000000004,FRT
2008-11-01,38.789574,FRT
2008-12-01,41.633064000000005,FRT
2009-01-01,34.723312,FRT
2009-02-01,28.20797,FRT
2009-03-01,31.547934,FRT
2009-04-01,38.435840999999996,FRT
2009-05-01,36.660267,FRT
2009-06-01,35.873451,FRT
2009-07-01,40.21904,FRT
2009-08-01,43.969516999999996,FRT
2009-09-01,43.264545,FRT
2009-10-01,42.039066,FRT
2009-11-01,45.806419,FRT
2009-12-01,48.227779,FRT
2010-01-01,46.290455,FRT
2010-02-01,49.583557,FRT
2010-03-01,52.351784,FRT
2010-04-01,56.157104000000004,FRT
2010-05-01,53.479523,FRT
2010-06-01,50.990559000000005,FRT
2010-07-01,57.243717000000004,FRT
2010-08-01,58.049049,FRT
2010-09-01,59.784138,FRT
2010-10-01,60.50496700000001,FRT
2010-11-01,57.117348,FRT
2010-12-01,57.515892,FRT
2011-01-01,59.873259999999995,FRT
2011-02-01,62.664814,FRT
2011-03-01,60.714428000000005,FRT
2011-04-01,65.72148100000001,FRT
2011-05-01,65.751503,FRT
2011-06-01,63.935101,FRT
2011-07-01,66.070236,FRT
2011-08-01,68.498535,FRT
2011-09-01,62.340858,FRT
2011-10-01,67.69206199999999,FRT
2011-11-01,67.440392,FRT
2011-12-01,69.20970200000001,FRT
2012-01-01,72.58770799999999,FRT
2012-02-01,73.271629,FRT
2012-03-01,74.378174,FRT
2012-04-01,77.905403,FRT
2012-05-01,76.063438,FRT
2012-06-01,80.560066,FRT
2012-07-01,84.671463,FRT
2012-08-01,84.087029,FRT
2012-09-01,82.053223,FRT
2012-10-01,84.59787800000001,FRT
2012-11-01,81.62445100000001,FRT
2012-12-01,81.608734,FRT
2013-01-01,84.219368,FRT
2013-02-01,84.505798,FRT
2013-03-01,85.961823,FRT
2013-04-01,93.743187,FRT
2013-05-01,86.324478,FRT
2013-06-01,83.06378199999999,FRT
2013-07-01,84.97731800000001,FRT
2013-08-01,78.507011,FRT
2013-09-01,81.847061,FRT
2013-10-01,84.84095,FRT
2013-11-01,84.775444,FRT
2013-12-01,83.047508,FRT
2014-01-01,90.65065799999999,FRT
2014-02-01,92.571777,FRT
2014-03-01,95.407776,FRT
2014-04-01,98.438194,FRT
2014-05-01,100.09644300000001,FRT
2014-06-01,101.268906,FRT
2014-07-01,102.926727,FRT
2014-08-01,105.185898,FRT
2014-09-01,99.858307,FRT
2014-10-01,111.906906,FRT
2014-11-01,112.63708500000001,FRT
2014-12-01,113.316345,FRT
2015-01-01,122.849342,FRT
2015-02-01,121.36253400000001,FRT
2015-03-01,125.78878799999998,FRT
2015-04-01,114.914818,FRT
2015-05-01,115.602547,FRT
2015-06-01,110.117729,FRT
2015-07-01,118.365173,FRT
2015-08-01,111.69367199999999,FRT
2015-09-01,118.07098400000001,FRT
2015-10-01,125.03582,FRT
2015-11-01,127.676147,FRT
2015-12-01,127.31016499999998,FRT
2016-01-01,132.260864,FRT
2016-02-01,129.831909,FRT
2016-03-01,136.83824199999998,FRT
2016-04-01,134.17623899999998,FRT
2016-05-01,135.155563,FRT
2016-06-01,146.06051599999998,FRT
2016-07-01,150.621902,FRT
2016-08-01,141.124802,FRT
2016-09-01,136.624786,FRT
2016-10-01,129.717056,FRT
2016-11-01,125.42081499999999,FRT
2016-12-01,126.93031299999998,FRT
2017-01-01,126.320801,FRT
2017-02-01,126.590645,FRT
2017-03-01,120.087074,FRT
2017-04-01,118.651726,FRT
2017-05-01,111.263756,FRT
2017-06-01,114.57248700000001,FRT
2017-07-01,121.17761999999999,FRT
2017-08-01,115.969826,FRT
2017-09-01,113.48466499999999,FRT
2017-10-01,111.00396,FRT
2017-11-01,121.770973,FRT
2017-12-01,122.32356999999999,FRT
2018-01-01,112.10089099999999,FRT
2018-02-01,105.73488600000002,FRT
2018-03-01,107.74861899999999,FRT
2018-04-01,108.43158700000001,FRT
2018-05-01,111.276924,FRT
2018-06-01,118.446404,FRT
2018-07-01,118.447029,FRT
2018-08-01,123.269852,FRT
2018-09-01,119.362518,FRT
2018-10-01,118.02038600000002,FRT
2018-11-01,125.66958600000001,FRT
2018-12-01,112.30251299999999,FRT
2019-01-01,127.204544,FRT
2019-02-01,128.183243,FRT
2019-03-01,132.27084399999998,FRT
2019-04-01,129.417862,FRT
2019-05-01,126.401154,FRT
2019-06-01,124.49639099999999,FRT
2019-07-01,128.607666,FRT
2019-08-01,125.87984499999999,FRT
2019-09-01,132.631226,FRT
2019-10-01,133.541153,FRT
2019-11-01,129.672684,FRT
2019-12-01,126.393295,FRT
2020-01-01,123.762253,FRT
2020-02-01,115.16957099999999,FRT
2020-03-01,73.859398,FRT
1994-04-01,8.694623,HON
1994-05-01,8.852132000000001,HON
1994-06-01,8.813098,HON
1994-07-01,9.73577,HON
1994-08-01,9.513060000000001,HON
1994-09-01,8.771804,HON
1994-10-01,8.900328,HON
1994-11-01,8.386228,HON
1994-12-01,8.832726,HON
1995-01-01,9.287353999999999,HON
1995-02-01,9.8394,HON
1995-03-01,10.307935,HON
1995-04-01,10.406417,HON
1995-05-01,10.603389,HON
1995-06-01,11.803407,HON
1995-07-01,12.400208000000001,HON
1995-08-01,11.77024,HON
1995-09-01,11.809538,HON
1995-10-01,11.374616,HON
1995-11-01,12.679361,HON
1995-12-01,12.829434,HON
1996-01-01,13.470907999999998,HON
1996-02-01,15.02395,HON
1996-03-01,16.107826,HON
1996-04-01,15.801333999999999,HON
1996-05-01,14.91591,HON
1996-06-01,15.688725,HON
1996-07-01,16.135014,HON
1996-08-01,16.958935,HON
1996-09-01,18.230053,HON
1996-10-01,18.126272,HON
1996-11-01,20.270985,HON
1996-12-01,18.663303,HON
1997-01-01,19.603437,HON
1997-02-01,20.125726999999998,HON
1997-03-01,19.994549,HON
1997-04-01,20.275171,HON
1997-05-01,21.537982999999997,HON
1997-06-01,23.741239999999998,HON
1997-07-01,26.072969,HON
1997-08-01,23.334951,HON
1997-09-01,24.178917000000002,HON
1997-10-01,20.480949,HON
1997-11-01,21.120998,HON
1997-12-01,22.165579,HON
1998-01-01,22.236963,HON
1998-02-01,24.307182,HON
1998-03-01,24.075857,HON
1998-04-01,25.114841000000002,HON
1998-05-01,24.505793,HON
1998-06-01,25.53042,HON
1998-07-01,25.027031,HON
1998-08-01,19.741139999999998,HON
1998-09-01,20.43623,HON
1998-10-01,22.494284,HON
1998-11-01,25.418905,HON
1998-12-01,25.694565,HON
1999-01-01,22.614113,HON
1999-02-01,23.991257,HON
1999-03-01,28.639404,HON
1999-04-01,34.207157,HON
1999-05-01,33.806866,HON
1999-06-01,36.790268,HON
1999-07-01,37.775729999999996,HON
1999-08-01,35.877815000000005,HON
1999-09-01,35.099937,HON
1999-10-01,33.343117,HON
1999-11-01,35.136536,HON
1999-12-01,33.880051,HON
2000-01-01,28.190552,HON
2000-02-01,28.263965999999996,HON
2000-03-01,31.075506,HON
2000-04-01,33.02924,HON
2000-05-01,32.255138,HON
2000-06-01,19.939018,HON
2000-07-01,20.123983,HON
2000-08-01,23.009407,HON
2000-09-01,21.203682,HON
2000-10-01,32.028709,HON
2000-11-01,29.015556,HON
2000-12-01,28.267664,HON
2001-01-01,28.230309000000002,HON
2001-02-01,27.919635999999997,HON
2001-03-01,24.477644,HON
2001-04-01,29.32518,HON
2001-05-01,29.037207000000002,HON
2001-06-01,20.937988,HON
2001-07-01,22.119867000000003,HON
2001-08-01,22.479813,HON
2001-09-01,16.0121,HON
2001-10-01,17.922635999999997,HON
2001-11-01,20.100037,HON
2001-12-01,20.643997,HON
2002-01-01,20.515812,HON
2002-02-01,23.268742,HON
2002-03-01,23.496225,HON
2002-04-01,22.520021,HON
2002-05-01,24.067211,HON
2002-06-01,21.738718,HON
2002-07-01,19.967772,HON
2002-08-01,18.480686,HON
2002-09-01,13.447641,HON
2002-10-01,14.863176999999999,HON
2002-11-01,16.148348000000002,HON
2002-12-01,15.026831,HON
2003-01-01,15.30233,HON
2003-02-01,14.331847,HON
2003-03-01,13.488233,HON
2003-04-01,14.902733,HON
2003-05-01,16.544558,HON
2003-06-01,17.088639999999998,HON
2003-07-01,17.998768,HON
2003-08-01,18.45064,HON
2003-09-01,16.886742,HON
2003-10-01,19.616819,HON
2003-11-01,19.027227,HON
2003-12-01,21.566872,HON
2004-01-01,23.302277,HON
2004-02-01,22.611984,HON
2004-03-01,21.956263,HON
2004-04-01,22.429756,HON
2004-05-01,21.858960999999997,HON
2004-06-01,23.903662,HON
2004-07-01,24.54318,HON
2004-08-01,23.479495999999997,HON
2004-09-01,23.532936,HON
2004-10-01,22.102320000000002,HON
2004-11-01,23.185133,HON
2004-12-01,23.366211,HON
2005-01-01,23.742338,HON
2005-02-01,25.055479000000002,HON
2005-03-01,24.690804,HON
2005-04-01,23.728651,HON
2005-05-01,24.040508,HON
2005-06-01,24.452145,HON
2005-07-01,26.221138,HON
2005-08-01,25.553593,HON
2005-09-01,25.176160999999997,HON
2005-10-01,22.960669,HON
2005-11-01,24.531651,HON
2005-12-01,25.157267,HON
2006-01-01,25.947447,HON
2006-02-01,27.656107000000002,HON
2006-03-01,29.049761,HON
2006-04-01,28.866375,HON
2006-05-01,27.969828000000003,HON
2006-06-01,27.523613,HON
2006-07-01,26.430851,HON
2006-08-01,26.444525,HON
2006-09-01,28.1082,HON
2006-10-01,28.94663,HON
2006-11-01,29.537661,HON
2006-12-01,31.262444,HON
2007-01-01,31.573408,HON
2007-02-01,32.064045,HON
2007-03-01,32.003235,HON
2007-04-01,37.645145,HON
2007-05-01,40.236801,HON
2007-06-01,39.281834,HON
2007-07-01,40.140331,HON
2007-08-01,39.19109,HON
2007-09-01,41.708233,HON
2007-10-01,42.367481,HON
2007-11-01,39.709441999999996,HON
2007-12-01,43.380043,HON
2008-01-01,41.618614,HON
2008-02-01,40.540638,HON
2008-03-01,39.955372,HON
2008-04-01,42.065742,HON
2008-05-01,42.221531,HON
2008-06-01,35.772438,HON
2008-07-01,36.170868,HON
2008-08-01,35.694187,HON
2008-09-01,29.729738,HON
2008-10-01,21.787492999999998,HON
2008-11-01,19.934301,HON
2008-12-01,23.75082,HON
2009-01-01,23.736353,HON
2009-02-01,19.41013,HON
2009-03-01,20.362087,HON
2009-04-01,22.810507,HON
2009-05-01,24.23571,HON
2009-06-01,23.179577,HON
2009-07-01,25.615644,HON
2009-08-01,27.136346999999997,HON
2009-09-01,27.675715999999998,HON
2009-10-01,26.737051,HON
2009-11-01,28.659081,HON
2009-12-01,29.438734000000004,HON
2010-01-01,29.018177,HON
2010-02-01,30.159678000000003,HON
2010-03-01,34.276669,HON
2010-04-01,35.942409999999995,HON
2010-05-01,32.38377,HON
2010-06-01,29.759790000000002,HON
2010-07-01,32.680103,HON
2010-08-01,29.782660999999997,HON
2010-09-01,33.756252,HON
2010-10-01,36.191565999999995,HON
2010-11-01,38.188976000000004,HON
2010-12-01,41.108654,HON
2011-01-01,43.312560999999995,HON
2011-02-01,44.781841,HON
2011-03-01,46.456192,HON
2011-04-01,47.638809,HON
2011-05-01,46.331703000000005,HON
2011-06-01,46.63863,HON
2011-07-01,41.559155,HON
2011-08-01,37.418896000000004,HON
2011-09-01,34.628918,HON
2011-10-01,41.324409,HON
2011-11-01,42.704525,HON
2011-12-01,43.170158,HON
2012-01-01,46.101128,HON
2012-02-01,47.316402000000004,HON
2012-03-01,48.812447,HON
2012-04-01,48.500607,HON
2012-05-01,44.502884,HON
2012-06-01,44.952358000000004,HON
2012-07-01,46.731468,HON
2012-08-01,47.053482,HON
2012-09-01,48.423573,HON
2012-10-01,49.63113,HON
2012-11-01,49.704066999999995,HON
2012-12-01,51.813984000000005,HON
2013-01-01,55.707993,HON
2013-02-01,57.226397999999996,HON
2013-03-01,61.890602,HON
2013-04-01,60.4039,HON
2013-05-01,64.445076,HON
2013-06-01,65.520576,HON
2013-07-01,68.526596,HON
2013-08-01,65.710526,HON
2013-09-01,68.937653,HON
2013-10-01,72.000977,HON
2013-11-01,73.47867600000001,HON
2013-12-01,76.258873,HON
2014-01-01,76.142021,HON
2014-02-01,78.82114399999999,HON
2014-03-01,77.810707,HON
2014-04-01,77.928162,HON
2014-05-01,78.137856,HON
2014-06-01,78.372665,HON
2014-07-01,77.42830699999999,HON
2014-08-01,80.295097,HON
2014-09-01,78.906975,HON
2014-10-01,81.449097,HON
2014-11-01,83.94884499999999,HON
2014-12-01,85.14788100000001,HON
2015-01-01,83.30722,HON
2015-02-01,87.585083,HON
2015-03-01,89.353546,HON
2015-04-01,86.449623,HON
2015-05-01,89.259338,HON
2015-06-01,87.79541800000001,HON
2015-07-01,90.447273,HON
2015-08-01,90.211136,HON
2015-09-01,81.945915,HON
2015-10-01,89.379807,HON
2015-11-01,89.959633,HON
2015-12-01,90.177391,HON
2016-01-01,89.85524000000001,HON
2016-02-01,88.24445300000001,HON
2016-03-01,98.143265,HON
2016-04-01,100.087723,HON
2016-05-01,99.702347,HON
2016-06-01,102.440002,HON
2016-07-01,102.44882199999999,HON
2016-08-01,102.783478,HON
2016-09-01,103.232101,HON
2016-10-01,97.631233,HON
2016-11-01,101.42325600000001,HON
2016-12-01,103.759857,HON
2017-01-01,105.972099,HON
2017-02-01,111.507126,HON
2017-03-01,112.464226,HON
2017-04-01,118.111298,HON
2017-05-01,119.77750400000001,HON
2017-06-01,120.681999,HON
2017-07-01,123.244324,HON
2017-08-01,125.19091,HON
2017-09-01,128.983932,HON
2017-10-01,131.186172,HON
2017-11-01,141.92421000000002,HON
2017-12-01,140.303268,HON
2018-01-01,146.07605,HON
2018-02-01,138.24482700000002,HON
2018-03-01,132.877182,HON
2018-04-01,133.033508,HON
2018-05-01,136.00351,HON
2018-06-01,133.155701,HON
2018-07-01,147.575897,HON
2018-08-01,147.030548,HON
2018-09-01,154.599899,HON
2018-10-01,140.38326999999998,HON
2018-11-01,142.25412,HON
2018-12-01,128.788147,HON
2019-01-01,140.007904,HON
2019-02-01,150.184616,HON
2019-03-01,155.738449,HON
2019-04-01,170.153961,HON
2019-05-01,161.020538,HON
2019-06-01,171.927414,HON
2019-07-01,169.829895,HON
2019-08-01,162.109451,HON
2019-09-01,167.456696,HON
2019-10-01,170.95031699999998,HON
2019-11-01,176.710373,HON
2019-12-01,176.047134,HON
2020-01-01,172.287476,HON
2020-02-01,161.296967,HON
2020-03-01,133.78999299999998,HON
